Stock,Beta,Alpha,Beta_tstat,Beta_pvalue,R_squared,N_observations
DTG.DE,1.0079216539157834,5.253629114499081e-05,236.9669425653299,0.0,0.975268044666505,1426
ENR.DE,1.0013102055039536,0.0008787716241006961,144.4744067571802,0.0,0.9181397055252389,1863
SHL.DE,0.9971515492584477,-4.992827148914287e-05,514.4882984652044,0.0,0.9896732302436075,2764
HAG.DE,0.9920197123063316,0.001022867566079924,133.8261727430867,0.0,0.9056863519500304,1867
